{"5595783249":{"first_name":"Quân","last_name":"Hồng","username":"HQUAN98","first_seen":"2025-10-23T15:58:05.271937"},"6435845357":{"first_name":"Bá","last_name":"Chiến","username":null,"first_seen":"2025-10-23T16:35:28.453979"},"7193749511":{"first_name":"𝑲𝒉𝒂𝒏𝒈 𝑫𝒊𝒏𝒐","last_name":null,"username":"dichcutelegram","first_seen":"2025-10-24T00:37:24.078908"},"5454481522":{"first_name":"Phú","last_name":"(Hoàng tử Techcombank)","username":"hoangtutechcombank","first_seen":"2025-10-24T01:39:28.550089"},"7786823318":{"first_name":"💎","last_name":null,"username":"buonvabuon","first_seen":"2025-10-24T07:26:21.006193"},"5687411747":{"first_name":"Tony","last_name":null,"username":"Stewie98k","first_seen":"2025-10-24T16:43:29.013730"},"1351405192":{"first_name":"Khoi","last_name":"Nguyen","username":null,"first_seen":"2025-10-25T13:26:06.273360"},"7510465929":{"first_name":"ㅋㅋㅋ","last_name":null,"username":null,"first_seen":"2025-10-25T13:53:41.485556"},"5841165830":{"first_name":"Minh Tâm","last_name":null,"username":"minhtam2812","first_seen":"2025-10-25T15:55:37.178288"},"7958593381":{"first_name":"Leow jorgrichter","last_name":null,"username":"alexjorger","first_seen":"2025-10-25T19:01:42.552457"},"7699883212":{"first_name":"Nghĩa","last_name":"Lê","username":null,"first_seen":"2025-10-26T02:19:45.519776"},"5723714026":{"first_name":"Youngg","last_name":null,"username":null,"first_seen":"2025-10-26T14:32:02.567441"},"7596169379":{"first_name":"Tuấn","last_name":"Quốc","username":null,"first_seen":"2025-10-26T16:23:27.858999"},"1670404454":{"first_name":"Kim","last_name":null,"username":"kimkz8","first_seen":"2025-10-28T08:51:24.322885"},"7072269828":{"first_name":"Tran","last_name":"Huy","username":null,"first_seen":"2025-10-28T22:25:22.458632"},"1919777181":{"first_name":"Thắng","last_name":"Ngọc","username":null,"first_seen":"2025-10-29T08:45:08.826109"},"7493655616":{"first_name":"Việt","last_name":"Quang","username":null,"first_seen":"2025-10-29T11:10:36.491124"},"7837814520":{"first_name":"mdang","last_name":null,"username":null,"first_seen":"2025-10-29T11:14:30.262079"},"1402351028":{"first_name":"Hng","last_name":"Phann","username":"hngphan0192","first_seen":"2025-10-29T16:28:19.139647"},"5929525311":{"first_name":"Cao bá💰XWorld","last_name":null,"username":"xyzabc208","first_seen":"2025-10-29T21:56:21.015352"},"6107002826":{"first_name":"Văn","last_name":"Trọng","username":null,"first_seen":"2025-10-30T01:37:56.432762"},"6689400487":{"first_name":"Ben","last_name":"Pham","username":"bennythej","first_seen":"2025-10-30T07:12:54.402119"},"6270607239":{"first_name":"Quần","last_name":"Què","username":null,"first_seen":"2025-10-30T09:49:37.208246"},"6767967734":{"first_name":"Tùng","last_name":"Đức","username":null,"first_seen":"2025-10-30T15:08:24.538541"},"6538197192":{"first_name":"Vương","last_name":"Hoàng","username":"ciyeeeee","first_seen":"2025-10-30T15:13:06.540608"},"1285211652":{"first_name":"Not Blue","last_name":null,"username":"NotGreenn","first_seen":"2025-10-30T16:47:57.120523"},"5725649108":{"first_name":"tien 🌿","last_name":"nhat","username":"ntien6","first_seen":"2025-10-30T19:38:51.562593"},"5930287790":{"first_name":"Khoa","last_name":null,"username":"Khoabl","first_seen":"2025-10-31T07:21:41.302224"},"8027226305":{"first_name":"Túc","last_name":null,"username":null,"first_seen":"2025-10-31T11:27:31.880988"},"1305706780":{"first_name":"Nguyen","last_name":"Nguyen","username":"monmediahn","first_seen":"2025-10-31T13:08:54.411765"},"1771865610":{"first_name":"Cun","last_name":"Cun","username":"meokhotieu","first_seen":"2025-10-31T15:54:49.274270"},"6477835813":{"first_name":"Nguyen","last_name":"Lam","username":null,"first_seen":"2025-10-31T20:10:00.984230"},"5444395748":{"first_name":"Đông Quân","last_name":null,"username":null,"first_seen":"2025-10-31T22:43:06.953968"},"935454991":{"first_name":"Harry","last_name":null,"username":"harryx1311","first_seen":"2025-11-01T19:18:05.709045"},"2119652855":{"first_name":"Eric","last_name":null,"username":null,"first_seen":"2025-11-01T19:19:39.641886"},"8068173938":{"first_name":"duy","last_name":"khang","username":null,"first_seen":"2025-11-01T21:16:15.366056"},"2127357879":{"first_name":"H❤️‍🔥","last_name":null,"username":"bhhhhh2188","first_seen":"2025-11-02T09:48:20.501288"},"6264888481":{"first_name":"T","last_name":"E","username":"Ecrush4T","first_seen":"2025-11-02T12:07:19.687942"},"5176758934":{"first_name":"Nam","last_name":null,"username":"thn07_3","first_seen":"2025-11-02T12:47:49.438740"},"6542752769":{"first_name":"Đô","last_name":"Quốc","username":"painqd","first_seen":"2025-11-02T15:04:40.974466"},"5579345543":{"first_name":"Eric","last_name":null,"username":"vohoangha","first_seen":"2025-11-02T19:02:30.157632"},"5782276555":{"first_name":"Giang","last_name":null,"username":"giangzalo666","first_seen":"2025-11-02T20:07:14.032386"},"1714102204":{"first_name":"Pedro","last_name":null,"username":"pedro9610","first_seen":"2025-11-02T21:34:02.657358"},"6024899954":{"first_name":"Ối dồi","last_name":"ôi","username":null,"first_seen":"2025-11-02T23:29:03.042302"},"6225954293":{"first_name":"Dung","last_name":null,"username":"dung27111","first_seen":"2025-11-03T15:43:35.155630"},"6416536839":{"first_name":"Minh","last_name":null,"username":null,"first_seen":"2025-11-03T21:51:00.745231"},"7241426066":{"first_name":"XuanTien","last_name":"Lazy","username":null,"first_seen":"2025-11-04T08:03:26.580092"},"6107769363":{"first_name":"Killua","last_name":null,"username":"kutotran","first_seen":"2025-11-04T12:46:10.345892"},"1257267970":{"first_name":"Tm","last_name":null,"username":"vokhactam","first_seen":"2025-11-05T12:30:59.960845"},"7277960724":{"first_name":"Nguyễn","last_name":"Mạnh","username":"manhnguyen1213","first_seen":"2025-11-05T16:33:20.997633"},"6616959507":{"first_name":"Nguyen","last_name":"Cuong2007","username":null,"first_seen":"2025-11-05T18:06:09.611398"},"5299829453":{"first_name":"Lê","last_name":"An","username":"pearn2003","first_seen":"2025-11-05T22:04:37.337586"},"5262216411":{"first_name":"Đinh Văn","last_name":"Minh","username":"DinhVanMinh_if0","first_seen":"2025-11-05T22:31:58.783254"},"5118990446":{"first_name":"Phạm","last_name":null,"username":null,"first_seen":"2025-11-06T15:31:15.266438"},"5589869986":{"first_name":"food","last_name":null,"username":null,"first_seen":"2025-11-06T15:31:22.529904"},"5450288485":{"first_name":"H8X","last_name":null,"username":"h8xnolive","first_seen":"2025-11-07T16:07:36.484550"},"6879259315":{"first_name":"Truong","last_name":"Le","username":null,"first_seen":"2025-11-07T20:24:49.545158"},"5428423283":{"first_name":"Chim","last_name":"🐾","username":"baokho","first_seen":"2025-11-07T20:42:55.767520"},"5401054814":{"first_name":"Khánh Hưng..!","last_name":null,"username":"khanhhung888","first_seen":"2025-11-07T21:14:30.372269"},"5200993271":{"first_name":"Panda","last_name":"Lee 🐼","username":"pandale00","first_seen":"2025-11-07T22:39:39.271831"},"7174718624":{"first_name":"Nguyễn","last_name":"Hà🥝🥝🥝","username":"okcau1221","first_seen":"2025-11-08T03:37:39.577072"},"5000086098":{"first_name":"Vũ Trương","last_name":null,"username":"vutruong928","first_seen":"2025-11-09T00:31:45.992910"},"6350017610":{"first_name":"Kiếm đc","last_name":"50m nghỉ🌸","username":"dunglamtraitimemdau","first_seen":"2025-11-09T12:58:46.424915"},"5295955655":{"first_name":"ᅠࣩࣩࣩࣩࣩࣩࣩࣩࣩࣩࣩࣩࣩࣩࣩࣩࣩࣩࣩࣩࣩࣩࣩࣩࣩࣩࣩࣩࣩࣩࣩࣩࣩࣩࣧࣧࣧࣧࣧࣧࣧࣧࣧࣧࣧࣧࣧࣧࣧࣧࣧࣧࣧ Nguyễn Ng","last_name":"Anh Tú ᅠࣩࣩࣩࣩࣩࣩࣩࣩࣩࣩࣩࣩࣩࣩࣩࣩࣩࣩࣩࣩࣩࣩࣩࣩࣩࣩࣩࣩࣩࣩࣩࣩࣩࣩࣧࣧࣧࣧࣧࣧࣧࣧࣧࣧࣧࣧࣧࣧࣧࣧࣧࣧࣧ","username":"NguyenNgocAnhTu","first_seen":"2025-11-09T13:55:43.326852"},"7835745231":{"first_name":"Huy 🇦🇺","last_name":null,"username":"huynguyenn799","first_seen":"2025-11-10T01:45:03.325758"},"1388867460":{"first_name":"Hoàng","last_name":null,"username":"hathanhhoang","first_seen":"2025-11-10T02:23:10.851633"},"5964802213":{"first_name":"Park","last_name":null,"username":"koheim","first_seen":"2025-11-10T18:31:00.727651"},"1750557271":{"first_name":"Hậu","last_name":null,"username":"daoquanghau","first_seen":"2025-11-11T13:40:11.066502"},"6699715875":{"first_name":"c","last_name":"c","username":"Peopleisme","first_seen":"2025-11-11T22:49:42.583968"},"927843463":{"first_name":"Nguyen","last_name":"Hung","username":"kajdepzai","first_seen":"2025-11-12T01:26:10.615372"},"1538608902":{"first_name":"SDG 258","last_name":null,"username":"sdg258","first_seen":"2025-11-12T09:22:41.797503"},"5561060910":{"first_name":"Anhh","last_name":"Đức","username":null,"first_seen":"2025-11-12T12:41:55.463629"},"6748608207":{"first_name":"thanh","last_name":"toan","username":"thanhtoanhahaa","first_seen":"2025-11-12T17:34:38.124321"},"7691888928":{"first_name":"🦦","last_name":null,"username":"minhduong1606","first_seen":"2025-11-12T20:09:05.515294"},"1426788572":{"first_name":"Đạt","last_name":"Trịnh","username":"duytan0511","first_seen":"2025-11-12T21:37:27.624073"},"5971951622":{"first_name":"Minh","last_name":"Triều","username":"mingtriu7","first_seen":"2025-11-12T22:33:06.929389"},"8391653970":{"first_name":"Nyan","last_name":null,"username":"XieChugLing","first_seen":"2025-11-12T23:46:58.032885"},"853995906":{"first_name":"Username⁴¹⁶","last_name":null,"username":"Username416","first_seen":"2025-11-13T07:45:59.888269"},"8394780963":{"first_name":"Noni","last_name":null,"username":"Benonivn","first_seen":"2025-11-15T11:23:19.535028"},"7563369484":{"first_name":"duy phuong 💸❓","last_name":null,"username":"dphgg009","first_seen":"2025-11-15T21:56:35.370474"},"5426759223":{"first_name":"King","last_name":"Mobile","username":"AD_UYTIN","first_seen":"2025-11-15T23:40:08.712375"},"6160133965":{"first_name":"阮德兄","last_name":null,"username":"xiong202","first_seen":"2025-11-16T00:13:39.658927"},"5346712227":{"first_name":"Anh","last_name":"Nguyen","username":"advsf","first_seen":"2025-11-16T12:44:51.650353"},"5426600364":{"first_name":"Ây bi xi.","last_name":null,"username":"boladangducnhecon","first_seen":"2025-11-16T20:52:10.185329"},"5726804045":{"first_name":"nguyen","last_name":"khanh","username":null,"first_seen":"2025-11-16T21:12:56.825192"},"7097498346":{"first_name":"Duy","last_name":"Khang","username":null,"first_seen":"2025-11-16T22:10:33.386408"},"1678004199":{"first_name":"Con buồii 🐈‍⬛","last_name":null,"username":"Baobaoo282","first_seen":"2025-11-16T23:32:57.410632"},"6000521582":{"first_name":"huy","last_name":"hoang","username":"hhdtvr","first_seen":"2025-11-17T11:18:20.360510"},"6088079042":{"first_name":"Tùng","last_name":"Đặng","username":"tungdanginfi","first_seen":"2025-11-17T11:58:26.966653"},"8340149128":{"first_name":"Thảo","last_name":"Thảo","username":null,"first_seen":"2025-11-17T15:21:51.441191"},"1144092391":{"first_name":"i","last_name":"o","username":"trungqkhp","first_seen":"2025-11-17T16:30:56.438471"},"6972617851":{"first_name":"𝘾𝙐𝘼","last_name":null,"username":"UACseria","first_seen":"2025-11-17T17:16:05.680576"},"7061414505":{"first_name":"PhucPhuc","last_name":null,"username":"trumsac","first_seen":"2025-11-17T18:02:12.779589"},"1036681145":{"first_name":"Hoang","last_name":"Viet","username":"hoangttn74","first_seen":"2025-11-18T09:28:09.555758"},"1684787683":{"first_name":"Nghia","last_name":null,"username":"nghiadaotrung1504","first_seen":"2025-11-18T14:42:14.903717"},"5412965789":{"first_name":"Duck","last_name":"Duck","username":"anhnhat26","first_seen":"2025-11-18T17:30:07.458626"},"740082421":{"first_name":"Smith","last_name":"John","username":"SmithJohn244","first_seen":"2025-11-18T21:54:16.181063"},"1933991671":{"first_name":"Hello","last_name":"VN","username":"jimmyvn89","first_seen":"2025-11-19T03:48:29.617262"},"5201276631":{"first_name":"𝑷𝒖𝒈𝒂","last_name":null,"username":"eldrie15","first_seen":"2025-11-20T03:00:50.053250"},"6424596898":{"first_name":"Đức","last_name":"Phạm","username":"pda207","first_seen":"2025-11-20T05:00:05.925198"},"1911403634":{"first_name":"💠 Tuấn Hoàng","last_name":null,"username":"tuanhoanghowk","first_seen":"2025-11-21T02:06:05.642119"},"2061689291":{"first_name":"Icono🐾","last_name":null,"username":"drakewew","first_seen":"2025-11-21T09:33:13.141320"},"6085022552":{"first_name":"Phương Thành","last_name":"Đạt","username":"pthanhdat27","first_seen":"2025-11-22T16:36:18.238379"},"5287792773":{"first_name":"Nguyễn Thiện","last_name":"Kiên","username":"ngk207","first_seen":"2025-11-23T09:14:15.735169"},"5282105400":{"first_name":"我 叫","last_name":"日","username":"AnhNhat07","first_seen":"2025-11-23T11:39:01.099479"},"5241276455":{"first_name":"Lê Hoàng Anh","last_name":null,"username":"lhanh02","first_seen":"2025-11-24T20:05:50.512259"},"1890350060":{"first_name":"Đức Anh","last_name":null,"username":"daketamin","first_seen":"2025-11-25T11:59:19.298831"},"6644119067":{"first_name":"Khang","last_name":null,"username":"phaichiuok","first_seen":"2025-11-25T12:40:33.967251"},"6182079389":{"first_name":"Nhà Của Lộc","last_name":"Lộc","username":null,"first_seen":"2025-11-25T17:54:39.435769"},"744415934":{"first_name":"iaT","last_name":"aH","username":"iat_ah","first_seen":"2025-11-25T22:27:47.695345"},"646231493":{"first_name":"Eric Vo","last_name":null,"username":"Eric_vo","first_seen":"2025-11-25T22:32:52.449392"},"6712051634":{"first_name":"Nguyễn Như","last_name":"Trung","username":null,"first_seen":"2025-11-26T00:27:22.171022"},"8275642005":{"first_name":"tân","last_name":"phan","username":null,"first_seen":"2025-11-26T18:57:14.177403"},"5685648060":{"first_name":"Anh","last_name":"Tuấn","username":"tanh206dzvcl","first_seen":"2025-11-27T21:57:35.324386"},"7313232879":{"first_name":"Người dùng","last_name":"không tồn tại","username":"hainguyenvan909","first_seen":"2025-11-27T22:30:24.366471"},"5039510838":{"first_name":"Đạt","last_name":"Trần Tiến","username":"dat_cong_chua_1","first_seen":"2025-11-28T16:47:37.536966"},"5913737396":{"first_name":"TạtCánh","last_name":"ĐánhĐít","username":"teijro","first_seen":"2025-11-28T21:31:04.363557"},"1107224938":{"first_name":"caloojkk","last_name":null,"username":"calokkkkk","first_seen":"2025-11-29T10:18:13.194644"},"6226096908":{"first_name":"Khánh","last_name":null,"username":"therealkah99","first_seen":"2025-11-30T00:29:51.752076"},"8591605445":{"first_name":"Quý","last_name":"Quý","username":null,"first_seen":"2025-11-30T16:48:35.832846"},"5700793721":{"first_name":"Ngọc","last_name":"Trường","username":"ngoctruongahhi","first_seen":"2025-11-30T22:57:53.416038"},"5666662994":{"first_name":"Ngdang","last_name":null,"username":"Ngdangdz","first_seen":"2025-12-02T17:20:00.792019"},"6002437821":{"first_name":"Mentos","last_name":"Taple","username":null,"first_seen":"2025-12-03T00:33:56.801591"},"5236093570":{"first_name":"Lws","last_name":null,"username":null,"first_seen":"2025-12-03T08:42:01.048352"},"5374717009":{"first_name":"Shadow","last_name":"Sad","username":"Dark_Tom_TC","first_seen":"2025-12-03T14:09:48.901648"},"5124147628":{"first_name":"Phạm","last_name":"Thế Sơn","username":"phamtheson","first_seen":"2025-12-03T15:49:13.938722"},"7910172892":{"first_name":"Hưng","last_name":null,"username":"chubekhocnhe","first_seen":"2025-12-04T09:32:33.865179"},"5968459461":{"first_name":"A Páo","last_name":"Giàng","username":"giangapao356","first_seen":"2025-12-04T09:55:00.659274"},"1482481688":{"first_name":"TINO|SUI🐾🌱SEED 🍅🐦📦 Bums SUI▪️","last_name":"Minh🆓","username":"Tinophan3108","first_seen":"2025-12-04T21:35:49.879828"},"5316151847":{"first_name":"Anh Hùng Bàn Phím","last_name":"🇻🇳","username":"duyvinh09","first_seen":"2025-12-04T21:52:46.607206"},"6168100102":{"first_name":"Giang","last_name":"Beo","username":"giangrong205","first_seen":"2025-12-04T23:13:37.923405"},"5187721386":{"first_name":"abcd","last_name":"xyzzz","username":"acdxyzzz","first_seen":"2025-12-05T00:14:16.893427"},"5841142726":{"first_name":"Hùng","last_name":"Ngọc","username":null,"first_seen":"2025-12-05T00:14:39.784979"},"7920925155":{"first_name":"Q","last_name":"Khánh","username":null,"first_seen":"2025-12-05T12:22:09.706473"},"5737407131":{"first_name":"Tiscnnn","last_name":null,"username":"tiscn_3454","first_seen":"2025-12-06T11:26:36.136193"},"2142307817":{"first_name":"Đỗ Đình","last_name":"Long","username":"do_dinh_long","first_seen":"2025-12-06T13:15:12.395855"},"6429208288":{"first_name":"Hoàng Ninh","last_name":"Vũ","username":"hwang_inin","first_seen":"2025-12-09T11:19:45.278951"},"2084030420":{"first_name":"Ren","last_name":null,"username":"renday10","first_seen":"2025-12-10T02:14:44.454940"},"6293986788":{"first_name":".","last_name":null,"username":null,"first_seen":"2025-12-10T02:16:00.386612"},"6245595595":{"first_name":"Tunn","last_name":"Sann","username":"tunlatonee","first_seen":"2025-12-10T07:21:06.924653"},"5900906229":{"first_name":"Nguyễn Tùng Dương","last_name":null,"username":null,"first_seen":"2025-12-10T09:40:59.786297"},"815414583":{"first_name":"Bussy Punny","last_name":null,"username":"kedudinh","first_seen":"2025-12-10T23:04:43.510083"},"1941360528":{"first_name":"Bình","last_name":"Trần","username":"Binhgolddaz","first_seen":"2025-12-10T23:47:41.058934"},"5977347119":{"first_name":"Khong co","last_name":"Ten","username":"dechquantam123","first_seen":"2025-12-10T23:53:04.588364"},"7581385601":{"first_name":"Ones","last_name":"_Blue","username":"Onblue1","first_seen":"2025-12-11T16:12:49.853921"},"1208795685":{"first_name":"Tai Nguyen","last_name":null,"username":"tainguyen0202","first_seen":"2025-12-12T16:01:58.589728"},"8443439237":{"first_name":"🦦(FLU)","last_name":null,"username":null,"first_seen":"2025-12-13T08:32:30.062058"},"1287191339":{"first_name":"Pahm","last_name":"Anh","username":"p_cwngg","first_seen":"2025-12-13T15:28:51.909095"},"5010302258":{"first_name":"Sợ","last_name":"Không biết","username":"TunAnhNeee","first_seen":"2025-12-14T18:22:09.722924"},"8057640083":{"first_name":"minh","last_name":"đức","username":"minhduckak","first_seen":"2025-12-15T17:33:25.888964"},"6070175319":{"first_name":"Over","last_name":"Game","username":"callmebabe94","first_seen":"2025-12-15T20:31:08.439057"},"5936988706":{"first_name":"tatcachilamo","last_name":null,"username":"tatcachilamo","first_seen":"2025-12-16T18:50:18.329059"},"1745989412":{"first_name":"Toàn","last_name":"Quốc","username":"owanqt","first_seen":"2025-12-17T00:23:45.990599"},"7247839489":{"first_name":"𝙮𝙪𝙪𝙢𝙞","last_name":null,"username":null,"first_seen":"2025-12-17T03:22:20.320574"},"5232639592":{"first_name":"no","last_name":null,"username":null,"first_seen":"2025-12-17T14:52:19.708248"},"5205975086":{"first_name":"荣耀","last_name":"@df77377","username":null,"first_seen":"2025-12-18T02:30:46.219310"},"6339148653":{"first_name":"𝑫𝒖𝒏𝒈𝒛♥","last_name":null,"username":"NQDungg","first_seen":"2025-12-19T16:01:41.669961"},"6272041932":{"first_name":"Hiếu","last_name":"Phan","username":"phanhieu572","first_seen":"2025-12-20T07:47:45.581305"},"7631103446":{"first_name":"do","last_name":"phong","username":"dophongpg","first_seen":"2025-12-21T13:35:08.370311"},"7378658888":{"first_name":"deo biet","last_name":null,"username":null,"first_seen":"2025-12-21T16:38:15.729391"},"5446485762":{"first_name":"autumn breeze🍂","last_name":null,"username":null,"first_seen":"2025-12-21T23:49:25.896629"},"6689027339":{"first_name":"Hưng","last_name":"Ng Duy","username":"hungdz1309","first_seen":"2025-12-22T12:39:13.484684"},"6609572289":{"first_name":"be","last_name":"iu","username":"Hahaa66","first_seen":"2025-12-22T13:16:26.377125"},"6808695818":{"first_name":"HuHu🐾","last_name":"Haha🌱SEED","username":"huhu1207zzz","first_seen":"2025-12-22T21:45:27.447174"}}