{
    "7193749511": {
        "first_name": "𝑲𝒉𝒂𝒏𝒈 𝑫𝒊𝒏𝒐",
        "last_name": null,
        "username": "dichcutelegram",
        "first_seen": "2025-08-01T20:07:43.913408"
    },
    "6657125474": {
        "first_name": "La Nguyễn Mạnh Trần",
        "username": "LaNguyenManhTran",
        "first_seen": "2025-08-09T03:10:27.132Z"
    },
    "5936077298": {
        "first_name": "YouName",
        "last_name": "🧭",
        "username": "younamedeveloper",
        "first_seen": "2025-08-09T03:12:59.735Z"
    }
}